id,artists,track name,emotionality,emotion_type,emotion_score,culture
13DqxJiOQYYbgcFVhd8Rtk,Birileri,...aynı yer,,JOY,0.9518191814422607,Turkish
4KQ8xXm9v7sF7ZeSWywiKs,Cem Karaca,1 Mayıs,,JOY,0.986728847026825,Turkish
4xcNgAUqgeMCmu5H1VCYYj,Lvbel C5,10 NUMARA,,ANGER,0.9871717095375061,Turkish
1oFnf7O5pRtgTt1U6cBxHl,Gece,22,,JOY,0.4654904901981354,Turkish
20aL7puq4bsxxnOI5xz0Ya,Ravend,24'e 5 kala,,JOY,0.4839871823787689,Turkish
6sdwrMh2WwmKALGMSK3pNG,Cash Flow,600 Watt,,ANGER,0.9272398352622986,Turkish
7rj3An16vKqwEevpBqFjXr,Gaye Su Akyol,Abbas,,LOVE,0.5526297092437744,Turkish
7hIUAv5m8fR3Pt8AEGXYJ5,Selda Bağcan,Adaletin Bu mu Dünya,,JOY,0.7579246759414673,Turkish
7a6FLQOSUUJXAC7YQqtu1E,Kum,Adam,,SADNESS,0.996760904788971,Turkish
0aUhJQdCqJ5Xtrb8PoOE0F,​rody dünyada,Add,,JOY,0.5019476413726807,Turkish
0WnwDmHrQE4a9sU6jaDj0s,Ferhat Göçer,Adını Tek Geçerim,,ANGER,0.41531965136528015,Turkish
0hDyV5uVN9FhQeD4PB5FSx,Müzeyyen Senar,Agora Meyhanesi,,LOVE,0.5251205563545227,Turkish
5ZmmCJeG3ob3p3IauV1PTn,Candan Erçetin,Ah Bu Şarkıların Gözü Kör Olsun,,LOVE,0.9330780506134033,Turkish
1RaB8wBS5z9z2TvfaLEB2R,Şam,Ailem İçin,,ANGER,0.5567509531974792,Turkish
3soQ0e19kGGF6CDyCoZvrt,Müzeyyen Senar,Akşam oldu hüzünlendim ben yine,,LOVE,0.9906399250030518,Turkish
2YWHanCmJIIwX33UgZhrnq,Tarkan,Akşam Oldu Hüzünlendim Ben Yine,,LOVE,0.9879276156425476,Turkish
5aTZEpXxInmV9bHMAjsG2w,Zeki Müren,Akşam Olunca Yarelerim Sızlar,,LOVE,0.9881139397621155,Turkish
6tpYtU4s4h0cWiDD1qyPhW,Saian,Al Sevgilim Anne Ol Bununla,,SURPRISE,0.9366838335990906,Turkish
1kZh2hBrCRobQWdfaNhCfZ,Saian,Al Sevgilim Kanser Ol Bununla,,SADNESS,0.9778838157653809,Turkish
516hqXkL3eYY1c63sDo59g,Dolu Kadehi Ters Tut,Aldattın Mı,,ANGER,0.9610272645950317,Turkish
3521U20eZSGzR5TJwgwVzR,Erol Evgin,Aldım Başımı Gidiyorum,,SADNESS,0.9520999789237976,Turkish
6cMiDfcYG2qJSx2H2GzLSK,Bağzıları,Allı Turnam,,SADNESS,0.9955546259880066,Turkish
57WkOzvuw0v4XadnZ6VvvA,Ayla Dikmen,Alyanaklım,,JOY,0.9977760910987854,Turkish
6OPbkpYyRTPjbweLRcRMbU,Ümit Besen,Alışmak Sevmekten Zor,,LOVE,0.7281222939491272,Turkish
3g2TrHxAEugjJ5DtFFQBr5,Mavi (TUR),ama hala,,JOY,0.6108291149139404,Turkish
2zLy2Z8fZyVMGhoFAYP8LP,Barış Manço,Anahtar,,LOVE,0.6024578213691711,Turkish
69RuOoiyE8yNt87aiBM2UC,Orkundk,Ananın Amına Kadar Yolun Var,,ANGER,0.9962548017501831,Turkish
2jRlxh3vkrLyhRnhIhG7iM,Bulutsuzluk Özlemi,Ankara Sokakları,,SADNESS,0.9962683320045471,Turkish
140Gw2YEm6CjfxDwe2vzba,Haluk Levent,Ankara,,SADNESS,0.9970364570617676,Turkish
4Nhzp5J1JSYaqXCFvrKwNJ,Şanışer,Anlamı Yok,,ANGER,0.9969208240509033,Turkish
6yysTBx7fYqP27Omb0ZYcC,Şanışer,Anlat Bana,,JOY,0.7062689661979675,Turkish
1E5Zumas0loctbiUN2whpi,Sera Savaş,Anlatsam Anlatamam,,SADNESS,0.9788094162940979,Turkish
3nC6iMsN6ALaewr2LArtRQ,Pilli Bebek,Anlıyorum,,SADNESS,0.9080308675765991,Turkish
4qCvhgnQAP01JOJFvJoidH,Ceg,Anormal,,ANGER,0.9977825284004211,Turkish
1FAERur0SW0KB38aii9tPF,Nilüfer,Ara Sıra Bazı Bazı,,JOY,0.9900528788566589,Turkish
18Ies0Fsw2IwDuLoOhDlyy,Zeynep Bastık,Ara,,LOVE,0.9901530146598816,Turkish
2PQPjYtchdg7ecv5VXL0ZU,Şanışer,Artık Anlamıyorum,,ANGER,0.9978917241096497,Turkish
4IRitV0vz4K7lCgwPilLPO,Şam,Artık,,ANGER,0.6995183825492859,Turkish
7GJi3O8hJFsifndyaVKHO4,Nesrin Sipahi,Arım Balım Peteğim,,SADNESS,0.9538843631744385,Turkish
6g6MHm9u0h2Em9Xuk89eqR,EDIS,Arıyorum,,SADNESS,0.9898430705070496,Turkish
6uldj8hFDELGGNQZzxSg8p,Emel Sayın,At Kadehi Elinden,,SADNESS,0.9468715786933899,Turkish
5s2oLZj9UbpNpo1fsGHaUK,No.1,Ateş ve Barut,,JOY,0.7593369483947754,Turkish
5rtEABE6O3vt9ERu5NYEEw,Keişan,"Ateş, Elbet",,ANGER,0.9260196089744568,Turkish
1bYbiK0GZbRoCw8S2nq4pw,Lil Zey,Avaz Avaz,,JOY,0.5269042253494263,Turkish
1xUrARGhggaxXG6gBsB5NH,Cem Karaca,Ay Karanlık,,ANGER,0.996868908405304,Turkish
4hv9mEWi4911k1uhU4fPEH,Ufuk Beydemir,Ay Tenli Kadın,,LOVE,0.47382256388664246,Turkish
6si8O4MOkdrhBKIbTD4pBC,Saian,Ay Şarkısı,,FEAR,0.9713341593742371,Turkish
7tpIYgAGMtGtrx5OlOKUab,Stabil,Aynalarımda,,SADNESS,0.664595901966095,Turkish
3d6O6X0g6uLFao75MVby0Q,Ferdi Tayfur,Ayrılacağım,,ANGER,0.8976444005966187,Turkish
56FA9CiYOfJrhuMbhBzFRZ,Barış Manço,Ayrılık,,SADNESS,0.679612398147583,Turkish
56FA9CiYOfJrhuMbhBzFRZ,Düş sokağı sakinleri,Ayrılık,,SURPRISE,0.926406979560852,Turkish
3IeXqCUNquwfnUQrEXSDnu,Leman Sam,Ayrılığa Dayanamam,,SADNESS,0.9838638305664062,Turkish
5DEp8hauuZ45oG38YOkkQq,Pratsofficial,Aziyat,,JOY,0.993723452091217,Turkish
57NChv3uzjm8y4Y3x3Y8g0,Sertab Erener,Aç Sesini,,ANGER,0.6984096169471741,Turkish
2HNIknCF59i1QoXzQUM7cw,3 Hürel,Ağlarsa Anam Ağlar,,SADNESS,0.8964963555335999,Turkish
6vTrmti4xuMtXvkjJbLlKk,Melike Şahin,Aşk Bitti,,SADNESS,0.9406166076660156,Turkish
3Oyp1lkh1KEX8a5qg6eHZJ,Kıvılcım Ural,Aşk Laftan Anlamaz,,JOY,0.45039618015289307,Turkish
2hUvo9TxVWCbszNphTtNlJ,Malt,Aşkın Gözü,,ANGER,0.48188668489456177,Turkish
1SOOrc0raVGiP5Wv2cc8uP,Şanışer,Aşılmaz Yollar,,SADNESS,0.9503756165504456,Turkish
6OYWwrrA1DrthAF6XcCzAF,Şebnem Ferah,Babam Oğlum,,SADNESS,0.9945980310440063,Turkish
5JzM7QO7lYUaCkechDWAeG,Barış Manço,Bahçede Hanımeli,,JOY,0.45564785599708557,Turkish
59YZK0d2ttqxIKD36PaX3t,Emel Sayın,Bak Yeşil Yeşil,,LOVE,0.920405924320221,Turkish
3P4mJbu3evIXhTi6wO6oRs,Anıl Piyancı,BANA DİK DİK BAKMA,,JOY,0.8808682560920715,Turkish
6H8bJPcwgyTSkaTCzB0NC7,Stabil,Bana Söyle,,JOY,0.9877840876579285,Turkish
6YOD2nHY0P3Usl4e58iO3m,Ozbi,Bana Yol Söyle,,JOY,0.8828980922698975,Turkish
3rqhucvukCxRQrVDjq8uRs,Can Bonomo,Bardak Taşıyor,,SADNESS,0.9959806203842163,Turkish
3jpzdLvSyufByWuvgBNPxU,DEHA INC.,Baskın,,JOY,0.5778180956840515,Turkish
72EsHQaM41uaUlq2nMHQFy,​mor ve ötesi,Bazen,,JOY,0.9865564703941345,Turkish
4aNKwMW76gdQAudFtGxveu,Hidra,Bağırın,,SADNESS,0.9442178606987,Turkish
4I1JXqEZFMSH7y5xzEGGnH,Şebnem Ferah,Başka Bir Yol Var,,FEAR,0.9663660526275635,Turkish
75MDHWR9XFLAgDr2nHsH7e,Batuflex,Başka Yolu Yok,,SADNESS,0.8280375003814697,Turkish
2efzFaOnSIlXcQkTAw2Dr6,Ayben,Başkan,,SADNESS,0.9907958507537842,Turkish
0UgAZtkSkSf56vCjsCcnEA,Cem Karaca,Bedava Yaşıyoruz,,JOY,0.9536275863647461,Turkish
0ucpgI7zJOClJBA5T7tR47,Zeki Müren,Beklenen Şarkı,,ANGER,0.9886476397514343,Turkish
7glq8W06XgN56OSvDRitjw,No.1,Beklerken Durakta,,SADNESS,0.5749838352203369,Turkish
36dfpaght4ZcDyNe6wWEfk,Sayedar,Bela Gelir Bulur Bizi,,ANGER,0.996032178401947,Turkish
6hVLkc1612BQeD6EQFKECm,Şanışer,Belki - Live,,JOY,0.8841092586517334,Turkish
44EWXmAtCZvLGADIrOYxnF,Şanışer,Belki Bir Gün Barışırız,,JOY,0.8662267327308655,Turkish
6s2u8neVUCKOxvKDW6ZT9o,Sertab Erener,Belki de Aşk Lazım Değildir,,JOY,0.6150432229042053,Turkish
4PdRmauZ4AF8HJiwpMVaXT,Ayten Alpman,Ben Böyleyim,,ANGER,0.9974331259727478,Turkish
1GthdGLkffYiwjYNk0Gy66,Hayko Cepkin,Ben Gideyim,,JOY,0.9574757814407349,Turkish
4ObQ5sbaP5PDCSfv1y6RdT,Kamuran Akkor,Ben Sarhoş Oldum,,LOVE,0.9933691620826721,Turkish
2jOtxETwMjr44r7BIQczDM,Zeki Müren,Ben Zeki Müren,,JOY,0.5904088616371155,Turkish
4BaHxoK6n9LkHOa2mBvpWn,Nazan Öncel,Beni Bu Koca Şehirde Yalnız Bırakma,,SADNESS,0.8688943982124329,Turkish
0CW8BDlowvfZGkf5JINSjH,Nazan Öncel,Beni Hatırla,,ANGER,0.7292216420173645,Turkish
6TiiDZgtQ3xJLWzrGBWDmc,Kamuran Akkor,Beni Kaybettin Artık,,SADNESS,0.9564126133918762,Turkish
3SyV5VGDSI4ZcomImKSRxV,Şanışer,Beni Kır,,JOY,0.9927114248275757,Turkish
059tlr6szKvE8LcuJfNwwf,Emir Can İğrek,Beni Uğurla,,SADNESS,0.9867346286773682,Turkish
2FU1YUBRONE4XXTiffe2Bv,Sertab Erener,Benim Annem Güzel Annem,,LOVE,0.8601497411727905,Turkish
0l3p85cVj6FVQ2Nh7l94sr,Evrencan Gündüz,Benimle Evlensen,,LOVE,0.6942258477210999,Turkish
6jxYjS0eBmhyYbs2wuk3iv,Aspova,Benmişim,,SADNESS,0.5260588526725769,Turkish
74sGontnRy751y9wYos5Fi,Nev,Benmişim,,FEAR,0.6093705892562866,Turkish
3LhrqTEJyY0TYlaUhSj5e9,Müzeyyen Senar,Benzemez Kimse Sana,,SADNESS,0.9967716336250305,Turkish
5i9YJPhJo1RrWHKjkbkgmk,Büyük Ev Ablukada,BENİM KAFAM SİKTİRMİŞ GİTMİŞ,,ANGER,0.9893869161605835,Turkish
1k5OoVoOdYwDrZAeqGADyv,Anıl Piyancı,Beraber Büyüdük,,JOY,0.9974258542060852,Turkish
0yy6nOujCX3KC9ABSCBrB6,Erkut Taçkın,Beyaz Ev,,JOY,0.6834724545478821,Turkish
2X9yEYprYoujndrM0coiHx,Cemiyette Pişiyorum,Beynim Yok,,SADNESS,0.9976856708526611,Turkish
0S4HB769BP3gdVWfe7SLtS,Nazan Öncel,Beyoğlu,,JOY,0.6277745962142944,Turkish
3I2RcaYY3bjZR1ia13kHGi,Motive,Bi Sıkıntı Yok,,JOY,0.6870592832565308,Turkish
6Be9oHXdxGHBctbB5AscXo,Manuş Baba,Bir Acı Türkü,,ANGER,0.9848200082778931,Turkish
16jCKRNfPtviqAaPn6SffK,Badem,Bir Ben Gibi Sev,,SADNESS,0.93576580286026,Turkish
4lWVd7wbwi9qqMKmW5gLWg,Sagopa Kajmer,Bir Dizi İz (2021 Tek Edit),,FEAR,0.9947262406349182,Turkish
1QacMrZTHc8EUIbIAp6qKO,Kramp (TUR),Bir Dünya Arıyorum,,JOY,0.9987228512763977,Turkish
4wSehsk6FBUrrLSn6acBtA,Zeki Müren,Bir Gülü Sevdim,,FEAR,0.9621384739875793,Turkish
4pbMu6fRhg9mEZcHaO4NNo,Kaan Tangöze,Bir Kız Bana Emmi Dedi,,ANGER,0.8581926226615906,Turkish
2hMYAo7z6vIRiIvoalRO72,Batu Akdeniz,Bir Sebebi Var,,FEAR,0.907774806022644,Turkish
1ZLExfqDJGcoZfc6l1vDws,Flört,Bir Tek Sen Gelmedin,,JOY,0.9552338719367981,Turkish
7KDyAlFudPiDprkCFEyra9,Rota,Bir Yalan Söyle Bana,,ANGER,0.9980442523956299,Turkish
42dmx5VU5Se0SkoDq5vMB0,Sagopa Kajmer,Bir Çok Kez Öldüm,,SADNESS,0.9985363483428955,Turkish
4w5ioVLA2jho995QY2RHWS,Kenan Doğulu,Bir İleri İki Geri,,LOVE,0.9373835325241089,Turkish
2vNEj66XGZYt3gNX0n5mJ1,Gökhan Türkmen,Biraz Ayrılık,,SADNESS,0.7194629907608032,Turkish
3QPitqDX1ML5Y62m8nEWmW,Zeki Müren,Biz Ayrılamayız,,JOY,0.33174386620521545,Turkish
0NoGNBOL1IxYIWWcZBad6q,​maNga,Bize Müsaade Ettim,,ANGER,0.5427412986755371,Turkish
5jjPESQ43CVEXqXIMDCW23,Adamlar,Bizim Zamanımız,,ANGER,0.8671023845672607,Turkish
6msJFkNfTMHunvKi4PZWlY,Kenan Doğulu,Boğazımdan Geçmiyor,,SADNESS,0.6090133190155029,Turkish
0d9N1NmMN4RnWqsF1gyBfk,Duman,Bu Aşk Beni Yorar,,SADNESS,0.9254944920539856,Turkish
1NyBy7w03Bpum3LfvQBT9Q,Levent Yüksel,Bu Aşkın Katili Sensin,,SADNESS,0.9362947940826416,Turkish
3XI5LS5zvxcaqXIKXbr1ar,Sagopa Kajmer,Bu Böyledir (2021 Tek Edit),,JOY,0.9167647361755371,Turkish
1s1MYfBzfabSOtpOy07bHA,Onur Can Özcan,Bu Değildi,,JOY,0.5368099212646484,Turkish
7HJIitGbekZK8hD7YvO8DG,Grogi,Bu Gece Bizim,,SADNESS,0.9958653450012207,Turkish
4SB7wPWYA0PPiq9BamZjk6,Nazan Öncel,Bu Havada Gidilmez,,SADNESS,0.6324247121810913,Turkish
6jsEY3kiEOhwzS69or3Rtm,Flört,Bu Havalarda Dönme Bana,,SADNESS,0.40010663866996765,Turkish
2rbD17OQwYnyCKZshUR5Ny,Hayki,Bu Kendime Son Gelişim,,JOY,0.9115669131278992,Turkish
1KNQbnpnsyp7lhP5BbPtD0,Onur Can Özcan,Bu Mevsimde,,ANGER,0.9919712543487549,Turkish
5WesaRQpgOQgNeRvilEnc8,Şanışer,Bu Sabah,,LOVE,0.9887186288833618,Turkish
6uS2G7PdDL0qmYs6glOgrO,Vega (TUR),Bu Sabahların Bir Anlamı Olmalı,,ANGER,0.6674358248710632,Turkish
6sUVOYnfCU5yLS4R7Liwk8,Cem Karaca,Bu Son Olsun,,SADNESS,0.5886145830154419,Turkish
7L05IkgbhyfHKWZLQ8Wqwf,Redd,Bugün Herkes Ölsün İstedim,,SADNESS,0.6176260709762573,Turkish
3MU0aKnTQCDwSFYYLHJoKV,Ceylan Ertem,Bugünüm Sensiz Geçti,,SADNESS,0.9592783451080322,Turkish
7CvRTmR8q6rCm0QMwNm1ft,Yavuz Çetin,Bul Beni,,FEAR,0.7123454213142395,Turkish
5shqzROw4w8dUVCgK1K4WV,Sagopa Kajmer,Bulun,,SADNESS,0.4637460708618164,Turkish
5QMcvZks4GHWCGu047Ze6p,Sokrat St,Bunu Sen Seçtin,,SADNESS,0.9736846685409546,Turkish
55K1ON51dMNDODZG8y0ClU,Hidra,Burası Dünya Değil,,SADNESS,0.9963476061820984,Turkish
2pL9RRcyNIZU2wBWoPRmp2,Hidra,Burası Dünya,,SADNESS,0.9789085388183594,Turkish
6kmdtn0A5bcMOrL9QVKnUe,Zülfü Livaneli,Böyledir Bizim Sevdamız,,ANGER,0.9952664375305176,Turkish
4EzchO3kZDtrsoDSv262YL,Pinhani,Bülbülüm Altın Kafeste,,LOVE,0.976747453212738,Turkish
1G6oaokLtM7Tn5ddWYFqbl,Grup Yorum,Büyü,,ANGER,0.6259477138519287,Turkish
0UAUIhvxs5Zl2QKPDSpMq3,Şanışer,Bıktım Dünyadan,,ANGER,0.6909644603729248,Turkish
1dUTePKI0w1oIq1UuENgCm,Emir Can İğrek,Bıraktım Şaşırmayı,,SURPRISE,0.9709442853927612,Turkish
2ib4hjaOI9NB8S19GNXdVQ,Barış Manço,Cacık,,ANGER,0.6819534301757812,Turkish
4zuTDWD2POZwKDvhJQoajs,Cem Karaca,Canım Benim,,JOY,0.6517282128334045,Turkish
5RPUW5EpOaig0CiuobYI1f,Umut Kaya,Canım Çok Yanıyor,,SADNESS,0.9457374811172485,Turkish
4BBm6HC1WlhYhQk36DBhkM,Grogi,Cayır Cayır,,SADNESS,0.574158251285553,Turkish
6OWBeYXQndfQOb0qdPHtpi,Flört,Cemiyette Pişiyoruz,,JOY,0.6803873181343079,Turkish
2W6XpjOKbmZ1NNVNtwBr5b,Emrah Karaduman,Cevapsız Çınlama,,SADNESS,0.9922292828559875,Turkish
0TnxZVgJKNtMfLddp6vvv4,Şanışer,Cinayet,,ANGER,0.645636260509491,Turkish
3DKeM8CWG2bbxB6A8Ok2ea,Çağrı Sinci,Daha Neler,,FEAR,0.9945300221443176,Turkish
3tsIjGkS2B9B1XdYPenFQa,Sagopa Kajmer,Dalgın,,SADNESS,0.8996328115463257,Turkish
73fRMyckZKtemX14eku8uu,Sertab Erener,Dandini Dandini Dastana,,ANGER,0.38286569714546204,Turkish
1067ZkQkZgEHszEfnFWEgM,Şebnem Ferah,Delgeç,,ANGER,0.5159416794776917,Turkish
5zlaSGtG7e8tVEMsXGy3Ae,Ahiyan,Deli Diyorlar,,ANGER,0.9969483017921448,Turkish
3rTnSsUS6gD2BDnMlPB2u8,Buray,Deli Kız,,SADNESS,0.6507685780525208,Turkish
3yzL33fpKA0JXjhJGASaVo,Yeni Türkü,Deliler,,FEAR,0.8768188953399658,Turkish
3lIZy99mnEArB9FWVoxH3C,Gece,Derbeder,,SADNESS,0.9950942993164062,Turkish
7dve1ZJyj5IovzaWpLvjK0,Yeni Türkü,Destina,,SADNESS,0.5946882367134094,Turkish
0wTsN8Wsg53uomsbKlC489,Bülent Ortaçgil,Değirmenler,,SADNESS,0.9968528151512146,Turkish
0ilYcbLCGUWc53kMzQqSW4,Zakkum,Dile Kolay Kalbe Değil,,JOY,0.914189875125885,Turkish
31nidnq7mTQ2g3XhnVFHNS,Yaşar Kurt,Dokuz Altı Yolları,,LOVE,0.3642919957637787,Turkish
1dh0sHh0f6GqaMxO1y3dcm,Yedinci Ev,Dolunay,,SADNESS,0.9094182848930359,Turkish
3bH14FqMe4LSmUVsaWgx9o,Ati242,Dondu Puşt,,ANGER,0.9727134704589844,Turkish
5cZkudJYkjAKcU4Cs0BM6H,Tanju Okan,Dostlarım,,SADNESS,0.9104437828063965,Turkish
4CYWDYubFT02pnEvSylECN,Pentagram (TUR),Doğmadan Önce,,ANGER,0.8788166642189026,Turkish
4sePh4e6tkjXyiByl4C60q,Can Gox,Drama Köprüsü,,ANGER,0.9933671355247498,Turkish
08isVfPzPF8eYPj5iiS7wQ,Pinhani,Dur Söyleme,,SADNESS,0.7562087178230286,Turkish
2LbWFZ11LU71fTOXnaYohJ,Sagopa Kajmer,Durdur Beni,,SADNESS,0.9966416358947754,Turkish
04Vtwjvv0xozQ9YsEXsvOZ,Fettah Can,Duvar,,SADNESS,0.8142775297164917,Turkish
6YmIYB5h8biNAfzXuBcqLH,Cem Adrian,Duymak İstiyorum,,SADNESS,0.7546122074127197,Turkish
1pIpnZhcoht3IMc4zKPiTr,Ceg,Dün Gece,,SADNESS,0.777912437915802,Turkish
3alzMs9dw6XR4gIjbM9GmC,Şanışer,Dünyadan Alacaklarım Var,,ANGER,0.9881247282028198,Turkish
1lBqaMn59aIxdg3h0fXtm1,Ati242,Düşledim,,JOY,0.5013260841369629,Turkish
05kp3xSFqvGpxEhtgDjras,Artz,Düşünmemek (Remix),,ANGER,0.548251211643219,Turkish
3Du83Lme0QXH5IqKhxjIWe,Pera,Düşüyorum Sana,,LOVE,0.9847187399864197,Turkish
0N7MNRg9RpwmB51U5cTjCv,Birkan Nasuhoğlu,DİKEN,,JOY,0.8152405023574829,Turkish
3GXcF8i4agXLn1GrXIpZlw,Hayko Cepkin,Eller Aldı,,SADNESS,0.4904378652572632,Turkish
5bpxN2pClWhTo48Cqtj8kc,Yedinci Ev,Eninde Sonunda,,JOY,0.9972652196884155,Turkish
09SsT6U26aWDG3VeiZUA4e,Nazan Öncel,Erkekler de yanar,,ANGER,0.9877229928970337,Turkish
5ItGjXlC75eSKjlk6lIccr,Barış Manço,Eski Bir Fincan,,SADNESS,0.9392821788787842,Turkish
1acHg5hL2dLV7Zo2tBWSj5,Lil Zey,Eskisi Gibi,,SADNESS,0.9987748265266418,Turkish
4knb2WnF04NkKTiOGl15hz,Yaşlı Amca,Evleniyor,,LOVE,0.4720971882343292,Turkish
5FTmcMXpsCrkynecM4iyzT,Yedinci Ev,Eylül,,JOY,0.45520180463790894,Turkish
0EhMQgTXdA6qa4rkXTofHk,Allame,Fare Kapanı,,ANGER,0.7338563203811646,Turkish
2TpAQv8el546kNSoS0Iknt,Selda Bağcan,Felek Çakmağını Üstüme Çaktı,,SADNESS,0.7587896585464478,Turkish
57STxTnU6IFigeip8MxBJC,Saian,Feleğin Çemberine 40 Kurşun,,ANGER,0.9689177870750427,Turkish
10aQdFAd97zPjzxqaKKo8s,Volkan Konak,Feriğim,,SADNESS,0.988400936126709,Turkish
2JmSLEqFPhIeeIOuxOYucI,Bossy,Fiyakalı Yok Oluşlar,,ANGER,0.9602982997894287,Turkish
7jyeCEP9Vgq1CiQtANzxOG,Anıl Piyancı,Fiyasko,,JOY,0.8514448404312134,Turkish
1E6l6wLjVXURKH2If5BG2M,Contra,Flowlarım Çok Zengin,,JOY,0.9946961402893066,Turkish
7AH7gmGD0jasr5pKzQlFMu,Emir Can İğrek,Franco,,ANGER,0.9373041987419128,Turkish
6Ytf8ASfFtVqDBH5S00Rkr,Şebnem Ferah,Fırtına,,JOY,0.9468066096305847,Turkish
2LxGrlboLTVvmegFyRtdP5,Sertab Erener,Fış Fış Kayıkçı,,JOY,0.9973301887512207,Turkish
2xVoBE8IwIF3d7lpFE75iC,Teoman,Gecenin Sonuna Yolculuk,,SADNESS,0.7520107626914978,Turkish
5ol1YlrXJABoBwbZ4tNfQt,Teoman,Gemiler,,JOY,0.8043980002403259,Turkish
2wRZom2rD6XFhTkv0uRlbl,Defa,Gerçek Rüya,,JOY,0.48521366715431213,Turkish
1SbgCVsKA78Jd9S8YrdhES,Ezhel,Gerçek Sandım,,SADNESS,0.9818422794342041,Turkish
4CppIVG7jmPckDlMAbHI7C,She Past Away,Gerçekten Özleyince,,JOY,0.9725440740585327,Turkish
4qjwruCjh7Bx9GEzVQm918,Selda Bağcan,Gesi Bağları,,SADNESS,0.726362943649292,Turkish
21monEVgRlouZOarTXChkL,Serhat Durmus,Gesi Bağları,,SADNESS,0.885876476764679,Turkish
5HS9wef9NwgDLjQPfHyIjz,Barış Manço,Geçti Dost Kervanı,,JOY,0.9361696243286133,Turkish
6QJX23Apmbi0XMzYX68zuD,Barış Manço,Gibi Gibi,,SADNESS,0.8023777008056641,Turkish
4RNuCCsvfGF03sfmboHwlT,Peyk,Gidin,,SADNESS,0.9984887838363647,Turkish
7wPOMpOTxqaf2eVefEQU5U,Yedinci Ev,Gitmeden Önce,,SADNESS,0.9905847907066345,Turkish
7LFIhRcOJ6UR5Q0gNWhgkO,Feride Hilal Akın,Gizli Aşk,,FEAR,0.9429868459701538,Turkish
76jqYRytkvCM1ByVYBs3NS,Malt,Gol,,ANGER,0.9658024907112122,Turkish
7rFkmqlY34Jt0iRfENJoWM,Sokrat St,Gregoryen,,ANGER,0.7905742526054382,Turkish
0kKv6OXyItjjmQHcNalLbx,Cemiyette Pişiyorum,Gripin,,JOY,0.8147138357162476,Turkish
6kHjMdhMOz1Y84X3DHvbni,Ne Jupiter,Gökyüzüm Siyah Olsa Da,,FEAR,0.9936422109603882,Turkish
07HhkAkLc932NMs6zB6AiA,Zeki Müren,Gökyüzünde Yalnız Gezen Yıldızlar,,SADNESS,0.9645901918411255,Turkish
6GeU7bmiWCjDdbedTVIIlo,Grup Gündoğarken,Gördüğüme Sevindim,,JOY,0.7825314998626709,Turkish
7uLKvHDrpVZ6WdLGJH2dG1,Hayko Cepkin,Görmüyorsun,,SADNESS,0.9709965586662292,Turkish
0MAVs0XWmcO0RIqjtaMyAq,Zeki Müren,Gözlerin Doğuyor Gecelerime,,SADNESS,0.6461772322654724,Turkish
3AAaNEtwPWwEhRlueS59c9,Yeni Türkü,Gözlerin,,FEAR,0.6552362442016602,Turkish
6TaQbV1VqH1QUsgq6apGB3,Gülşen,Gözü Karalım,,JOY,0.44805094599723816,Turkish
3kJT7hlwvSFqNwiANnncke,Barış Manço,Gül Bebeğim,,ANGER,0.8255519866943359,Turkish
15QLIggYFzLAcEs37c4Dfj,Şehinşah,Güller Ve Rhyme,,ANGER,0.6289627552032471,Turkish
4aFjH5DC9JXnkVr9PkrtFH,Kibariye,Gülü Soldurmam,,LOVE,0.8538486361503601,Turkish
21PiVlkfkG1UXjJAj2xksB,No.1,Gün Size Günaydı,,SADNESS,0.7972596287727356,Turkish
7qol6vGF1Tp8QZMXQfbHqL,Emir Can İğrek,Güya,,SADNESS,0.981767475605011,Turkish
4HZZRWcZCn9QGafB8XtGfn,Şanışer,Güya,,JOY,0.9357827305793762,Turkish
5ukniNohEgaerrbHbVlBLf,Vera (TUR),Güzel Bir Kadın,,SADNESS,0.9736376404762268,Turkish
7CWZVgUQXUF2rDpGjae1J6,Kaan Boşnak,Güzel Değil,,JOY,0.8974661231040955,Turkish
6twCOHBycvvQFXJl4CrbvZ,Duman,Haberin Yok Ölüyorum,,LOVE,0.987413763999939,Turkish
5BKdRtbYplpPYkLE9NlZ24,Şehinşah,Hadi Yaparsın,,SADNESS,0.5256050229072571,Turkish
6Rrd4SPndUw1G5C0UkJKnC,Barış Manço,Ham Meyvayı Kopardılar Dalından,,ANGER,0.7269547581672668,Turkish
5rJxR79Sthj9fhJZSNossM,Hayki,Hangisi Doğru,,ANGER,0.9899635910987854,Turkish
61jF8YOnSMJL1C7ll6EOdW,No.1,Harikalar Diyarında,,JOY,0.9932460188865662,Turkish
3PPpiTKqKvRyFh0xFslZPS,No.1,Hasta Olmak İçin,,JOY,0.9958032965660095,Turkish
3t3sAYQwV4ZclVBjKan5DL,Gülden Karaböcek,Hatıran Yeter,,JOY,0.7630596160888672,Turkish
0S9PrA2MvOcCmGxoArJdUK,Drunk High Jinks,Hayal Gücümde Ölücem,,JOY,0.7713231444358826,Turkish
66aGyYpJQdv6cAfjIuZJfZ,Candan Erçetin,Hayranım Sana,,ANGER,0.9841640591621399,Turkish
2P7u3rUHzWnRQOmeHoWc9m,Contra,Hayırlara Ola,,ANGER,0.4691719710826874,Turkish
2i969LNj3kMS4wbRsz7zC8,Kayra,Hayırsız Evlat,,SADNESS,0.983737051486969,Turkish
5v0kY5pPWOL5mUCmq4jHUB,Cem Karaca,Hep Kahır,,ANGER,0.9024458527565002,Turkish
3dcsMdXSK7hcUDpTOjFpJJ,Deniz Tekin,Hep Oturup Bekledim,,FEAR,0.9776809215545654,Turkish
6YPCSiUNUJqxMIC8ppj7dV,Khontkar,Hepsi Geçecek,,ANGER,0.5646400451660156,Turkish
5N443V1kL0JLBdqvqk1xvA,Beta Berk Bayındır,Her Şey Aynı,,SADNESS,0.4888645112514496,Turkish
5S5GrvMjoup87vV4sORTVb,Rana Alagöz,Her Şey Bitmedi Bitemez,,SADNESS,0.9932947754859924,Turkish
13z58W2I8gxu7OtgmkJ5VB,Yaşlı Amca,Her Şey Sen,,ANGER,0.9521291255950928,Turkish
2iwsJcPB5HIVTuHHwdTNO4,Duman,Her Şeyi Yak,,SADNESS,0.8356031179428101,Turkish
0wFDRW3s1i5rhFIl3KQ3wr,Cash Flow,Hergün Bela Devam,,JOY,0.6059565544128418,Turkish
6dQDk0BjDkNUVpUvV1daYu,Cem Karaca,Herkes Gibisin,,SADNESS,0.9960759282112122,Turkish
6zdzp7ETXDHstw7SilkjEW,Cem Adrian,Herkes Gider Mi (Live),,SADNESS,0.8625503182411194,Turkish
7DdvDxrc8iYum3tIdS7Lim,Ceg,Herşeyin Bir Bedeli Var,,SADNESS,0.7848957180976868,Turkish
0u9cZveZpqEwpaP5fX6UgR,Şehinşah,Hiphop Okulu,,ANGER,0.9694930911064148,Turkish
6Ydk01HgyFkkZ92UtwmdJu,Hayki,Hiç Sevmedim Seni,,SADNESS,0.6123833656311035,Turkish
56Artz7MieU1h1Y7SdHMmi,Khontkar,Hiçbir Şeyim Yok,,SADNESS,0.5245306491851807,Turkish
2h4AV0nuaKK0rXnQSKzg8A,Cem Adrian,Hüzün Kovan Kuşu,,JOY,0.6797862648963928,Turkish
7oa8CQV3oVrY8jgPGPDnyb,yunusemre (TUR),Istanbulla Değil Sorunum,,ANGER,0.9908022284507751,Turkish
4R654w6r5SSSmfyAzl0S86,Allame,Işıklar,,FEAR,0.7492163181304932,Turkish
5E0Rk6dIfej6CzPN8yuH7f,Birsen Tezer,Kadın,,FEAR,0.8367794752120972,Turkish
09vAeAkA2wbwJZNSyzse2D,Hidra,Kadınlar,,ANGER,0.6553456783294678,Turkish
3FGw0p5G1wEqv9ymTaWMv3,Ceg,Kafamın İçi Dolu,,JOY,0.9975069165229797,Turkish
6VDbIjLQx6DnRZ3lpmv9sy,Şebnem Ferah,Kalbim Mezar,,JOY,0.7278363704681396,Turkish
2ABc8kK4RaccQs7NV2ddCC,No.1,Kalmadım,,ANGER,0.97209632396698,Turkish
4nGy2XA9QGxYb90cNyHguO,Barış Kocatürk,Kalmalısın,,JOY,0.9962221384048462,Turkish
3v58FgWXLqxLIAkO8tG43N,Zülfü Livaneli,Kan Çiçekleri,,SADNESS,0.9648162126541138,Turkish
7j7QY7Z84bFoIUYc2sEkjz,Güncel Gürsel Artıktay,Kanar,,SADNESS,0.4068135619163513,Turkish
4ixzlBuJEWtHnY4HgQcxTM,Saian,Kanunsuzlar,,JOY,0.615585207939148,Turkish
3v4X0bNqKpDQ1oucPsBTnV,Ati242,KAPA GÖZLERİNİ,,ANGER,0.8498260378837585,Turkish
2sQ9Ge9iZiK1xgPKXWQ5MS,Emir Can İğrek,Kaptan,,ANGER,0.9923266768455505,Turkish
4lSBfTETDE7vSAzVcMpSLz,5 Adım,Kara Dilber,,ANGER,0.9950249791145325,Turkish
5PffgchZakXQs8Err8EsXw,Cem Karaca,Kara Sevda,,ANGER,0.6513351202011108,Turkish
6zXNFaVOGBgJkOtcYyzSEI,Aşkın Nur Yengi,Karanfil,,ANGER,0.9930799603462219,Turkish
4jLDhhFGxgHZZEnv5ym64l,No.1,Karanlıkta Güneşlenenler,,SURPRISE,0.9166621565818787,Turkish
7geyRKMrppFqTSIWbrDmYW,Göksel,Karar Verdim,,ANGER,0.9818516969680786,Turkish
2rJZkXH2XwFqQTKpjOb1Cn,Hidra,Karıncalar,,SADNESS,0.9953072667121887,Turkish
2lypX2C1BRKDFefGOQ0eXM,Sezen Aksu,Karşıyım,,ANGER,0.79283207654953,Turkish
6cIofvIR0suRIIcvlJOO26,Nilüfer,Kavak Yelleri,,FEAR,0.5175424218177795,Turkish
5rY3r2uYoHPswDaoQT0mmL,Kalben,Kaybolmuş,,ANGER,0.9646021723747253,Turkish
3xhCFHtMLqsVJLCz18tO38,Barış Manço,Kazma,,JOY,0.9972188472747803,Turkish
3LySeEB89ILe0D39Xzn20N,Çağrı Sinci,Kaçamadım,,SADNESS,0.8712881207466125,Turkish
32aV8LF9OX0Us0bjeEGF8G,Barış Manço,Kağızman,,ANGER,0.925855278968811,Turkish
0XoE4XmlJyz7UyfluaGXi3,163,Kedimle Aram,,SADNESS,0.9407034516334534,Turkish
03u0SQvzUKRcIv7mHA3X1M,Kargo,Kehribar,,ANGER,0.7422357201576233,Turkish
56AD3PBYdPepniv4VtsV7s,Yüzyüzeyken Konuşuruz,Kendi Evimde Deplasmandayım,,SADNESS,0.9608381390571594,Turkish
41NL5MKZ50QVDggEMW2N6a,Sagopa Kajmer,Kendim İçin (2021 Tek Edit),,ANGER,0.9839751720428467,Turkish
5UgUXbFkcVG4hcjGpve0ta,Şanışer,Kendim İçin,,SADNESS,0.9958809614181519,Turkish
4CwabJInluLMkFwlQhYJjs,Adamlar,Kendime Çaylar,,JOY,0.7762898802757263,Turkish
3Nb8JQTxHJNIhavp9Fjh3i,Anıl Piyancı,Keyif Pezevengi,,JOY,0.9924856424331665,Turkish
4oaQcMvtAdT95zgC4KjZVA,​rody dünyada,Keşif,,SADNESS,0.9977743029594421,Turkish
5FeXVT3M7ppmN04GcHGmrd,Kamuran Akkor,Kimbilir,,SADNESS,0.9981794357299805,Turkish
3I8gqk9MQtq8iGRNfzTutY,Kenan Doğulu,Kime Ne,,JOY,0.5966697931289673,Turkish
0asl8EwEHiyOAPTHF31cAg,Veys Çolak,Kimsenin Kimsesi,,ANGER,0.6955437660217285,Turkish
1QXVekOyWPBUQF7aOh5KT6,Yaşlı Amca,Kimsesiz,,ANGER,0.5371303558349609,Turkish
4DsjiElZzrVRJZv1nFoqV8,Barış Manço,Kol Düğmeleri,,SADNESS,0.9729858040809631,Turkish
5eTJLBpYrGesp3m8H8Tojg,Flört,Kolay Mı Sanki,,SADNESS,0.9946632385253906,Turkish
4wqeNlogyJtBbcSmL5saYo,Teoman,Koma Hali,,FEAR,0.9047586917877197,Turkish
24SuNR4a3rtiDNP0wqVA1Z,MERO,Konum Gizli,,JOY,0.9812120795249939,Turkish
1smXC6H0O8po3P4bS7MrgC,İlhan İrem,Konuşamıyorum (Sazlıklardan Havalanan),,FEAR,0.996815025806427,Turkish
4M30n2HusjPl6lSRLo8uZ8,Yasemin Mori,Konuşmak,,SADNESS,0.9510802030563354,Turkish
0EXfBkE3nbVvFXItrBTZBK,Sansar Salvo,Koptu Kayış,,ANGER,0.9957935810089111,Turkish
1yxSsBZtl3Uj9U2IHKefAL,Sokrat St,Korkularıma Dair,,ANGER,0.9743717312812805,Turkish
3ftvlnoUtxkgiFjJHsAhES,Eskitilmiş Yaz,Korkuyu Al İçimden,,SADNESS,0.7497220635414124,Turkish
4Fq1AsPB0HIK2n5qYL8rSy,Şehinşah,Koyu,,ANGER,0.8884844183921814,Turkish
4fmEPQo97PVjtGMkpuWyJE,Hidra,Kudurtan Şehir,,SADNESS,0.8007314801216125,Turkish
47H1TH4VS8LRdgyOZWM96l,Şehinşah,Kunteper,,ANGER,0.8148397207260132,Turkish
64iA48gs2n6FQpna3qthpG,İstanbul Trip,Kural Ne Bilmiyorum,,ANGER,0.5202364921569824,Turkish
3GyDOD74sUjRACdCMm7OqS,Ahiyan,Kurtulamadım,,ANGER,0.9967305660247803,Turkish
29V3bcqiiUhqCjX1zdipAI,She Past Away,Kuruyordu Nehir,,SADNESS,0.8504971265792847,Turkish
31nBrU6mQUIsTYzPkFpbEA,Çağrı Sinci,Kusursuz Gün,,SADNESS,0.9982197880744934,Turkish
2xmhmt8OMmeFHyB6VwxyLw,Athena,Köpek,,JOY,0.6974409222602844,Turkish
2vvsSgFnlWJMrpfWPfYGfw,Şam,Kör Kurşun,,ANGER,0.9920755624771118,Turkish
6KybXlftuqmAxRI05yqDfk,Hadise,Küçük Bir Yol,,JOY,0.3464299142360687,Turkish
4C5LpqteACiMS5AEed75wE,Emir Can İğrek,Kır Düğünü,,JOY,0.5302941203117371,Turkish
1pnZlxBY7x2o8q7n5du5Dq,No.1,Kırmızı Bandana,,FEAR,0.5056264996528625,Turkish
4Tys2WHEtI398byk6PVAGZ,İzel,Kıyamadım,,SADNESS,0.9973781108856201,Turkish
359vccqtXdNwLIND0s2nok,Kaan Tangöze,Kıyamet,,ANGER,0.59381103515625,Turkish
0HdOiqUyOvIKyMwDRcW4vh,Melek Mosso,Kızgınım,,SADNESS,0.7926766276359558,Turkish
3AGCytWwz3x1QIPVhBQllG,Şanışer,Kış Yağmuru,,SADNESS,0.9967638254165649,Turkish
6jYJijKfOeFukSQGxZnxfm,İmpala & Rebossa,LANETİM OL,,JOY,0.9032093286514282,Turkish
3r9hUxZWewrsJuIgoNkw44,Bağzıları,Leyla,,JOY,0.9978669285774231,Turkish
7He6O9MfnoiYyLyScflLRX,Hidra,Lirikal Ağ,,JOY,0.9502063393592834,Turkish
1zfx0KZWQBKsBvQVDgS2Ic,Cem Karaca,Lümüne,,SADNESS,0.3547114431858063,Turkish
0vkCMfjUHi6NDcWQFrHebQ,Ahiyan,Mahkeme Şarkısı,,ANGER,0.8938516974449158,Turkish
2u1suQZ2iaj0yUomZ283Jz,Ceg,Mangır,,JOY,0.9725239276885986,Turkish
19cxPUMbttLsZhifmpKnId,Orkundk,Marsa Gönder Beni Elon Musk,,SADNESS,0.7803390622138977,Turkish
1xEpgyKx4ZHtefFAh0SmU5,EDIS,Martılar,,JOY,0.8803808689117432,Turkish
7rxyem3ajHOyoAYbheLr38,Pinhani,Masal,,LOVE,0.8638588190078735,Turkish
34U3O5S4N77R7dTEh9TGfD,Yeni Türkü,Maskeli Balo,,SADNESS,0.8894317746162415,Turkish
3JMoGWdr7IxYn3259x4mB4,Barış Akarsu,Mavi,,LOVE,0.9645843505859375,Turkish
3fGsCkZgaEPWdHLMoNexcA,Kargo,Mazi Kalbimde Bir Yaradır,,SADNESS,0.9964060187339783,Turkish
1LOHQqiv1rVSAq3xdMYppg,Hadise,Melek,,JOY,0.892437756061554,Turkish
0BD9boQC7jUTWkAoib4Z0d,Soolking,Meleğim,,JOY,0.6518788933753967,Turkish
2hVBDR2SJX5ypmlUtLB4wG,Perdenin Ardındakiler,Meseleler,,ANGER,0.9376110434532166,Turkish
4uLGTkZFVa8c9NBquKRJRz,Zeki Müren,Mihrabım Diyerek,,LOVE,0.8147399425506592,Turkish
3EqaZCd9Uf9CPKpaWewnhx,Son Feci Bisiklet,Modern Zamanlar,,LOVE,0.9233140349388123,Turkish
0UpgAtOy9yVQfMLQja7u87,Malt,Motor,,FEAR,0.6037757396697998,Turkish
10gnTF3jj1awFsRNUKjWHg,Teoman,Motosikletli Kız,,SADNESS,0.753910481929779,Turkish
34F2qwUwhOfInM11eYLWz5,Nev,Mühürlü Kaderim,,JOY,0.3808404803276062,Turkish
64kptUxbrFKtgvyBsf8KZ6,Son Feci Bisiklet,Müptezel,,SADNESS,0.995417594909668,Turkish
2fEGPi5nyFvuD9v2Rck9hK,Stap,Nasıl Bilirdiniz,,ANGER,0.662972629070282,Turkish
6NOMa4tPPbfCmGzNLy8u8K,Güney Marlen,Nasıl Düştüm Bu Derde,,SADNESS,0.9430466890335083,Turkish
5NJKTfyxjv4GlDL6kRQ5fg,Gülşen,Nazar Değmesin,,JOY,0.6076024770736694,Turkish
1dVuRDQTEskwGzyhpDzzNk,Pickpocket,Ne Farkeder,,SADNESS,0.5283789038658142,Turkish
3zo9ckDgozaxHwCxOwWtT3,Zeki Müren,Ne Olursun,,JOY,0.9682598114013672,Turkish
6rrAa1Tzr00PzfrPUJ3QEz,Kolpa,Ne Sevmeyi Bildik Biz Ne Sevilmeyi,,SADNESS,0.6315151453018188,Turkish
759944Jv8yJ1mrZiYTBYw3,Hidra,Neden Mi İllegal 3,,FEAR,0.9368083477020264,Turkish
3lAfuHJHOHa1IPD1QUVdYc,Ceg,Neden,,SADNESS,0.9549638628959656,Turkish
6Fa1o4JZpz4N4m2QqLJgVy,Birsen Tezer,Nefes,,SADNESS,0.9980613589286804,Turkish
7Lh5iVEyV0LJfQjhll5wLF,Arda Gezer,Nefret,,JOY,0.9867497086524963,Turkish
3YHvDD4kOmU0aNyq9QH5tW,Ati242,NERDESİN,,ANGER,0.6657464504241943,Turkish
3x4CJOkuWUq7jqjsMqbc7D,Revart,nereye giderdim,,JOY,0.9958174824714661,Turkish
0L3t3JBQM0s7orSGUEWfE3,Selda Bağcan,Niye Çattın Kaşlarını,,SADNESS,0.5230644345283508,Turkish
5Fy9DvD8I6x9e1BX6uqiNz,Ersay Üner,Nokta,,FEAR,0.993579626083374,Turkish
0miRkg25FkSallQPNvdBx6,Cem Karaca,Nöbetçinin Türküsü,,JOY,0.5162121653556824,Turkish
75qBypHcy2uLuZrmuKyL9p,Yedinci Ev,O Olmasa,,SADNESS,0.9985383749008179,Turkish
4bPBhZBFJ2OR6VoRa09Cj0,Kilink,Oc (Aslında Alkol Hala Damarımda),,JOY,0.8416194319725037,Turkish
2EM58GRsFTN2noP2UNUQC2,Nilüfer,Of Aman Aman,,ANGER,0.9454861879348755,Turkish
3qCSAe5ZUIfeUeuDs3Z0XH,Şebnem Ferah,Okyanus,,JOY,0.9957577586174011,Turkish
3RrBcQlMGFdFtz1JMIHaK1,İlhan İrem,Olanlar Olmuş,,JOY,0.6331044435501099,Turkish
6MNgLwZRqrySZETau0pm05,DJ Tarkan,Oldu Olanlar,,SADNESS,0.8992331624031067,Turkish
72vbDhl7Bz9HMP9j9Xsutq,Kayra,Olmadım Say,,SADNESS,0.9880869388580322,Turkish
0HdjvmdgdGz5xXVvbrrcaP,Yeni Türkü,Olmasa Mektubun,,SADNESS,0.9980514049530029,Turkish
45rP37B0Fu5u7Me7ORJr8A,Hepsi,Olmaz Böyle Şey,,SADNESS,0.8616414070129395,Turkish
6mzUIHlROFcUjJ7sGzSR4z,Kıraç,Olur Ya,,JOY,0.9915015697479248,Turkish
6E9deAT9PHY3xwZwD0fvhZ,Batu Akdeniz,Ona Gitme,,SADNESS,0.8965412974357605,Turkish
0LnT7NTyTW8hJGffRCNoy6,Khontkar,Ondan Böyleyim,,SADNESS,0.5941987037658691,Turkish
30d9raQFQMxgRabekkXz2s,Ceg,Onlar Acımı Bilemez Hacım,,JOY,0.9959561228752136,Turkish
6DR3yiy1fpW1892MznPkLr,Yüksek Sadakat,Onlar Bizi Dinlerler,,JOY,0.6496422290802002,Turkish
5QhH0fX7aEhqeNp2TGF5lz,Flört,Onun Adı Hasan,,SADNESS,0.7284828424453735,Turkish
3qL3V1yLXabasgRK9FV1L3,Stabil,Ortaya Karışık,,SADNESS,0.7859840989112854,Turkish
4xZtXNZs2xYOmlDDRzQub6,Cem Karaca,Oğluma,,LOVE,0.7487877607345581,Turkish
5PhGZJlf2qJquzTYwWrj5N,Teoman,Paramparça,,SADNESS,0.99797123670578,Turkish
6Lk6Waiox6qhvC5dM6Sy2v,Şam,PARASIZ İNSAN ÇÖPLÜĞÜ,,SADNESS,0.932200014591217,Turkish
4w03tdVI0Gyo3LRsKcVCSo,Beta Berk Bayındır,Pardon Aşkım,,ANGER,0.9903544187545776,Turkish
2TiOUmPgDYrs4uV50fWKyg,Peyk,Piç,,SADNESS,0.996020495891571,Turkish
3pu1Q8D1KgapWsNM4fz7Q8,Asya (TUR),Pişmanım,,SADNESS,0.9511644244194031,Turkish
6WLkV7mY1onlkxDrE8ujvO,Şam,Psikoz,,SADNESS,0.9767696261405945,Turkish
4En6idM4o5670zPD5WxiFl,Ravend,Rahatımı Bozamam,,SADNESS,0.9986843466758728,Turkish
3HphA3fVNs1QmhpXGAfB9M,Teoman,Rapsodi İstanbul,,SADNESS,0.7134557366371155,Turkish
5BEsYw1foOjENU54YrBKN5,Teoman,Renkli Rüyalar Oteli,,JOY,0.960534930229187,Turkish
24K8MpziEuoHzazaLWNKtX,MFÖ (TUR),Ruh Halim Yerlerde,,FEAR,0.5585836172103882,Turkish
3FWblef3WNyMeTBCh6xhjg,TNK,Ruhum Boğaziçi,,LOVE,0.3607749938964844,Turkish
6rDlblA3VRAk1V6RAAFQ5a,Teoman,Ruhun Sarışın,,SADNESS,0.9975029826164246,Turkish
5ttPhgLuzPJfzFrLPlmJUv,Stabil,Rüya & Gerçek,,SADNESS,0.982632040977478,Turkish
3GKDwLHEZMWqVoCyNubD7n,Emel Sayın,Rüyalar Gerçek Olsa,,LOVE,0.8950154185295105,Turkish
35uSkg3jgO5Ut0uDHHGRhO,Ceza,Sabah Bastı Geceyi (Savaş Çocukları Part 2),,ANGER,0.9882508516311646,Turkish
6mboYkYC6aXpdixTQAm1y6,Sagopa Kajmer,Sahibinin Sesi,,LOVE,0.8128093481063843,Turkish
22mL6s4MifXlhbIp8du1iW,Barış Manço,Sahilde,,JOY,0.7250967621803284,Turkish
7Iq4OoCY6HYKgbOFmJKuPb,Cem Karaca,Sakın Reddetme,,ANGER,0.5383720993995667,Turkish
217AK9cJZwZ4B9bpf7XvF8,Duman,Saldır,,ANGER,0.7123966813087463,Turkish
5qHHMrS7MnxayRuf6wXqUV,3 Hürel,Sana Değmez,,SADNESS,0.981054425239563,Turkish
6dIBSpL0BOvtImFUUTKWMo,Ajda Pekkan,Sana Neler Edeceğim,,SADNESS,0.4539375901222229,Turkish
0jdfbvSdaWvxfAlD20TtNc,Yaşlı Amca,Sanki Yapamadım,,SADNESS,0.8234962821006775,Turkish
5Yxem6p8kLKrMo3JbG7sLB,Teoman,Sardunyalar Arasında,,SADNESS,0.4119657874107361,Turkish
61ETNByp6W03R3P8arJrE6,No.1,Sarhoş,,SADNESS,0.9483107328414917,Turkish
4BkTP4aE5K3SjKWilZ3MRn,Barış Manço,Seher Vakti,,LOVE,0.7207750678062439,Turkish
24WxherbUpdXB1lUTRsqmJ,Ezhel,Sekiz 2,,ANGER,0.4533572196960449,Turkish
0vqtRYkKXZmkYDfAd2La34,Maestro,Semt İşi,,ANGER,0.9868865609169006,Turkish
7BHJeDZuB9QiTz7y5jewSj,Duman,Sen Ben,,SADNESS,0.9293372631072998,Turkish
4NK74Toq4xYPIe9iaggh4N,İlhan İrem,Sen Bilirsin,,LOVE,0.8081366419792175,Turkish
19aQau4K06guONwJ3vTmEY,Cem Karaca,Sen Duymadın,,FEAR,0.7033123970031738,Turkish
3MYtRN7kbtlNMNtGXCcQHh,Emre Nalbantoğlu,Sen Nerden Çıktın,,FEAR,0.9184934496879578,Turkish
70t4FwQv2r1o9GQZmxrHVw,Anıl Piyancı,Sen Olmazsan,,SADNESS,0.9196129441261292,Turkish
2oDtpMCWMnOAitKNIoyW8g,Şehinşah,Sendeliyorum,,SADNESS,0.8928532600402832,Turkish
58RvouNHBDM6bwKnmVfNeq,Flört,Senden Kalan,,ANGER,0.6720130443572998,Turkish
197CWknsQggubzqaiuTt9o,Zeki Müren,Seni Sordum Yıldızlara,,ANGER,0.5368406176567078,Turkish
5z1bH63TwXLslyDcDZKmqR,Can Bonomo,Senin Olmadan Ölemem,,ANGER,0.9787777662277222,Turkish
2xIC5DmTHaGBL83a9OUXM4,Buray,Senin Yüzünden,,SADNESS,0.46536916494369507,Turkish
590LwPfoRH6qwag96WFpwt,Teoman,Seninim Son Kez,,ANGER,0.9147054553031921,Turkish
1P3P9GZwKJvB6pm7HOkJss,Nükhet Duru,Seninle,,SADNESS,0.9979128241539001,Turkish
0ynFJpdwxNpv22s2r5XEdj,Sufle,Seninle,,SADNESS,0.9942458271980286,Turkish
6dYl5XcwkEAFRMNiGtsbuZ,Hümeyra,Sessiz Gemi,,SADNESS,0.4949510097503662,Turkish
0foCYfdIVahzQlj6H9ym6x,Sertab Erener,Sessiz Gemi,,SADNESS,0.4949510097503662,Turkish
3PAAraURTeoxX4XOF7F2zU,Grup Yorum,Sevda Türküsü,,LOVE,0.9939627051353455,Turkish
4KegU9xBCWXkDkNdoTUQFT,Birkan Nasuhoğlu,Sevda,,LOVE,0.9600229859352112,Turkish
09hrRYFJXc8xmkCK84l9NO,Ajda Pekkan,Sevdalı Başım,,SADNESS,0.6886621713638306,Turkish
6UFyWa5VL7hFVopDeBQDF1,Teoman,Sevdim Seni Bir Kere,,LOVE,0.9557830691337585,Turkish
5gfZ08BA3Oh6XaH9WHDuxg,Ayna,Severek Ayrılanlar,,LOVE,0.9835783243179321,Turkish
5ptQepn6HP5jMllqHCmr4F,Emre Fel,Sevgilim Biz Ayrıldık,,SADNESS,0.9873723387718201,Turkish
2fbHtVGsYXL95MRdGkEL5R,Mavi Işıklar,Sevgilim,,LOVE,0.993822455406189,Turkish
6cVjvVnVZNBrMa7yPpvsGM,Zeki Müren,Seviyorum İşte Var Mı Diyeceğin,,JOY,0.7149285674095154,Turkish
3LFtEjrATVIto4eOL1SqTC,Flört,Sevmez Olaydım,,LOVE,0.7093002200126648,Turkish
0QOkTTHHu298cUM38FZTd8,Jor’dan Armstrong,SHE,,ANGER,0.4558921158313751,Turkish
222dKmEQpyzdd3tYFrgHrC,Sansar Salvo,Sigara Yanınca,,SADNESS,0.985281765460968,Turkish
6jJrVsBUuGnFiIK3bnaOPg,Müzeyyen Senar,Sigaramın Dumanı,,SADNESS,0.7089167833328247,Turkish
62IzwpesSn9F6GSGy3tqNj,No.1,Sinekler Soğukta Salak,,SADNESS,0.9790177941322327,Turkish
54tpOLXYzwilGybXpIAPhH,Sehabe,Siyah,,ANGER,0.7610782384872437,Turkish
6kHjMdhMOz1Y84X3DHvbni,Çilekeş,Siyah,,SADNESS,0.9985834360122681,Turkish
2oJ0dSKYEgRvSVtCx3mC8e,Bağzıları,Sizin Olsun Dünyalar,,SADNESS,0.9807660579681396,Turkish
1HHbvFwzFKz38MfEBJ4dPo,Artz,Sizle Muhattabım,,FEAR,0.7046777009963989,Turkish
4HeXZwvwjFTnCLq6ASYngI,Ceg,Skimde Değil,,SADNESS,0.9061830639839172,Turkish
5TNxtf7JVC7KtWqTjWZR2A,Joker,Son Kale,,FEAR,0.9558586478233337,Turkish
0nXs17LnXEqk3rtRMTUjNi,Can Gox,Sorma,,SADNESS,0.7986603379249573,Turkish
6kQWmc8pD47x343LScCHCc,Cemiyette Pişiyorum,Supradin,,SADNESS,0.9882959723472595,Turkish
0qjNiWY8m32di3CxubFmHH,Teoman,Sus Konuşma,,SADNESS,0.9986159801483154,Turkish
1wIMtO7qBakesdiMuMLIp7,Nev,Susma,,SADNESS,0.9955691695213318,Turkish
0P2oeUu1Qc6bnMeafezTNp,Barış Manço,Söyle Zalim Sultan,,ANGER,0.9740240573883057,Turkish
0radOSkTcaqAbENRedC5bK,Barış Manço,Süper Babaanne,,JOY,0.5623308420181274,Turkish
1vZDPEngmDv3qxXQpVzuN6,Zülfü Livaneli,Sürgün,,LOVE,0.9903910160064697,Turkish
0I8oQaAdhVgx19qXiVKDuI,Hadise,Sıfır Tolerans,,ANGER,0.9933850169181824,Turkish
28ZIAO8uDAgqfm4lQjfusj,Kenan Doğulu,Sımsıkı Sıkı Sıkı,,SADNESS,0.7304642796516418,Turkish
5iHZGWJIDGPjnQEXpLnI3n,Duman,Sınana Sınana,,SURPRISE,0.8612281084060669,Turkish
6KWnBmoNBrUzYB3njC7wAX,Göksel,Tam da Şu An,,LOVE,0.7493098974227905,Turkish
0brFNoWWDo4EhKbOcFYFLc,Ceg,Tanrı,,ANGER,0.6688666939735413,Turkish
4xfNO1hq6afGwhxvLMAkmy,Allame,Tanınmayanlar,,JOY,0.3598577380180359,Turkish
1DKt8jBLop9ybhGwkxhOO6,Kibariye,Tepecikli,,JOY,0.6968640685081482,Turkish
7ncZ7K2VIA9x8Pobcfnx5E,Teoman,Terlemeden Sevişenler,,JOY,0.5769985914230347,Turkish
5bmno8gS846nO9SoAklU2S,Nasıl Derler Bilirsin,Tertemiz Delirdim,,JOY,0.9980373978614807,Turkish
036OY3xFXIRCTTCLyIs0yd,Mode XL,Toz Konduramazsın,,FEAR,0.9857529997825623,Turkish
3OoxDuv9UEwukblwp7NqPm,Redd,Tutmuyor Frenler,,ANGER,0.49231094121932983,Turkish
3iX2aBQdzOMyqfc2umONBu,Hidra,Türkçe Rap,,SADNESS,0.9938779473304749,Turkish
1slPfzh75wRINYk4OaN1fp,Şehinşah,Türlü Bela,,SADNESS,0.50934237241745,Turkish
4qXcrhhTJheiDpa7zsK8bU,Candan Erçetin,Unut Sevme,,SADNESS,0.996992826461792,Turkish
56aX1lFT8E0y1wvzdRuRn6,Barış Manço,Unutamıyorum,,JOY,0.9890148043632507,Turkish
2LricmvjlAmMgMYnqyWHRu,Pinhani,Unutuldular,,SURPRISE,0.7499668002128601,Turkish
6BUfqtQcP26I7MNC5fAg7w,Sertab Erener,Uyu Yavrum Yine Sabah Oluyor,,JOY,0.9690914750099182,Turkish
258RIVFMuibgf38bu48HAW,Sertab Erener,Uyusun Da Büyüsün,,LOVE,0.915303647518158,Turkish
3G2W7Kn7H2gTathzp9d1F6,Ceg,Uyuşana Dek,,SADNESS,0.9979471564292908,Turkish
7HLfJRAac399SuAd6Me2Bh,Ati242,Uçuyoz Gökyüzüne,,ANGER,0.6242367029190063,Turkish
3DrQsIe4cyX3bNCJY6bq11,Teoman,Viski Ve Lazanya,,SADNESS,0.40882131457328796,Turkish
2v0N2f44ugsUQUjWU1Z9Ll,Barış Kocatürk,Vurdum Kendimi Yola,,SADNESS,0.9948741793632507,Turkish
1G7HbXyCWWUc5Yrtj8J4TA,Old G,Yaktım,,JOY,0.9345483779907227,Turkish
1oSWrUVYSAnom3NGPvoBnt,Perdenin Ardındakiler,Yalnız Kalmışım,,ANGER,0.966093122959137,Turkish
3xR7G6Oxitpn4hW3jNEj6P,Yıldız Tilbe,Yalnız Çiçek,,ANGER,0.46558964252471924,Turkish
3gtqjuFl9ybkgsVGrMqVvY,Kamuran Akkor,Yalvarırım Affet,,SADNESS,0.9809355735778809,Turkish
6AAnY8H4tNTbcGP6KETgmA,Kezzo,Yangın,,SADNESS,0.9973147511482239,Turkish
36hTKOgo5Ra03y0GlpJPd3,Burcu Güneş,Yansın Geceler,,SADNESS,0.6678820848464966,Turkish
7kTRgxS3THFvORSeb1NZ2x,Şanışer,Yanıma Gelmesinler,,ANGER,0.7903579473495483,Turkish
2r9siAoZ9yrt5CzPXHmxfX,Hayko Cepkin,Yarası Saklı,,FEAR,0.9731201529502869,Turkish
2GEbjuHvth4NpnWKzYWCJX,Hidra,Yarılamışım,,SADNESS,0.9893803596496582,Turkish
2tvGPQ3qP0xi94hqAPewsn,Cem Karaca,Yarım Porsiyon Aydınlık,,ANGER,0.518000066280365,Turkish
0HgvuEVpnv8TjvdQkZRcet,Gece,Yarım,,JOY,0.8103833794593811,Turkish
7iz4fcxfbxnqB50ITIKaRa,Ceg,Yatmadan Önce,,ANGER,0.9013667106628418,Turkish
2G79dQYPEChZWac5hHi4UU,Barış Akarsu,Yaz Demedim,,SADNESS,0.5645961165428162,Turkish
3GoTzDCX7Z3b3cMJeykv7N,Hadise,Yaz Günü,,ANGER,0.43244192004203796,Turkish
3EAZILxlMITj5PyquATJI5,Şanışer,Yazamam Ecele,,SADNESS,0.9620157480239868,Turkish
0EaHW2BpzOP4P06FqUwkqL,İlhan İrem,Yazık Oldu Yarınlara,,SADNESS,0.993062436580658,Turkish
2QvdkrSzGIK97FrDjGB1oO,Candan Erçetin,Yaşıyorum,,JOY,0.934141218662262,Turkish
006tmNZLXEXPqdb23wwSN1,İlhan İrem,Yemyeşil Bir Deniz,,JOY,0.47608208656311035,Turkish
0oV80pWpo0fpMrKZWU9kNy,Saian,Yeni Beyaz,,SADNESS,0.5218904614448547,Turkish
4H2pA3ieEkPvU6stjc9MI6,Evrencan Gündüz,Yeni Bir Şarkı,,LOVE,0.9776172637939453,Turkish
3u0wGaA5YB5YDMofMhKYBy,Contra,YERDEN YÜKSEK 2,,ANGER,0.9569356441497803,Turkish
5KKi4yzW3hcFfINO4xi8D5,Contra,YERDEN YÜKSEK,,ANGER,0.9723569750785828,Turkish
4SBTogXwTxT4Okzrej5PtW,Çilekeş,Yetmiyor,,LOVE,0.9630045890808105,Turkish
2JWcIs25p03SYHWTez6pwc,Anıl Piyancı,Yeşillendir,,FEAR,0.9556401371955872,Turkish
2d64USUwOGOfA2Zh9gpXqb,Fazıl Say,Yiğidim Aslanım Burda Yatıyor,,SADNESS,0.5520486235618591,Turkish
76k07GNJbJn8O4MgYyyNzh,Ferdi Özbeğen,Yok Yok Yalan Deme,,LOVE,0.8802566528320312,Turkish
2X1xpbHHYq3ZGSK3kIqAcq,No.1,Yokluğuma Alışma,,SADNESS,0.8472612500190735,Turkish
26BXHBxL0h0V4wdKy9aXKX,Ayben,Yol Ver,,JOY,0.6684923768043518,Turkish
2Pz9nDcEruL63jihiedMp3,Flört,Yola Devam,,FEAR,0.5195388197898865,Turkish
37Bp57WSol5g0pLbXPVnQE,Birkan Nasuhoğlu,Yollar Bitmez,,SADNESS,0.7971973419189453,Turkish
3PydQylzb5E2XDLQS0UIbf,Cem Karaca,Yolumuz Gurbete Düştü,,LOVE,0.8874809145927429,Turkish
0yHHF1JYimtnsgsZnYWoXu,Athena,Yorulmak Olmaz,,SADNESS,0.7601176500320435,Turkish
7xsld6L73TJgWzOAsVYRIl,Ravend,Yudumlarım,,SADNESS,0.99859219789505,Turkish
2nY9sZgEOdwM1tzGKLDhzp,Selda Bağcan,Yuh Yuh,,ANGER,0.7844110131263733,Turkish
1nXx62nYa06ic40v2KNeGo,Tankurt Manas,Yükseklere,,FEAR,0.9840951561927795,Turkish
1nXx62nYa06ic40v2KNeGo,Vio,Yükseklere,,ANGER,0.9951853156089783,Turkish
2Jqu87GbopSiPP3v9DR5j6,Nova Norda,Yüreğim Ellerinde,,SADNESS,0.9825200438499451,Turkish
3jPifP48viX8AdmSOcUTMP,Teoman,Yıldızları Yakalamak,,ANGER,0.750420868396759,Turkish
4E3sRBOjCjxsotCLduEJcN,Gaye Su Akyol,Yıllar Yılan,,SADNESS,0.9848640561103821,Turkish
08s1q5FYAlHnLdadK0Cspk,Teoman,Zamparanın Ölümü (İkinci Ve Son Bölüm),,SADNESS,0.4775661528110504,Turkish
27LtwN20Rvhi6LVmUaaucZ,Ezginin Günlüğü,Zerdaliler,,ANGER,0.719085693359375,Turkish
3FFzs4mXpSAaRxev80mX3d,Sokrat St,Zor Bir Gün,,SADNESS,0.9389098882675171,Turkish
6hPe40jIPik7hRZHwv7VtQ,Haluk Levent,Zülüf,,SADNESS,0.48847001791000366,Turkish
4tGNtRblzjwLkHllmH8rIS,Moğollar,Çaya Kaç Şeker,,JOY,0.9758287072181702,Turkish
7xxqcMUWjFzVRnHEs3YpqZ,Ayna,Çayımın Şekeri,,JOY,0.9697614312171936,Turkish
5RQOOES2NBTUhqhBaufWax,Tankurt Manas,Çene Kemiklerimi Kırdım,,SADNESS,0.6726247072219849,Turkish
7aiG5WVfv2TSRjrXqQA811,Emre Altuğ,Çifte Kavrulmuş,,LOVE,0.9825412631034851,Turkish
4P7b0CQDQos4tBDmsfyh9x,Son Feci Bisiklet,Çikolata,,SURPRISE,0.9546857476234436,Turkish
46nm5ts33PX7ZaHbg9vT9T,Barış Kocatürk,Çirkin Olunca,,SADNESS,0.9441330432891846,Turkish
5BuKHYnXTIVxSV88Pewmpf,Pinhani,Çok Alıştım Sana,,SADNESS,0.4994142949581146,Turkish
41o1OikLPIxHG3OBwtvpmU,Şam,Çok Derin,,SADNESS,0.9953435063362122,Turkish
4jPo5fzAsXyV7pIjWq7fnZ,Hepsi,Çok Güzelsin,,JOY,0.9976874589920044,Turkish
20cg5mxChgLS0KjNRZDY3V,Kayra,Çok Yaşlıyım,,ANGER,0.6857066750526428,Turkish
26g90nfKw79y5ZcRRqHLCz,Cem Karaca,Çökertme,,SADNESS,0.9298497438430786,Turkish
2ZMBcQC69mT9rydz83SVPz,Asil Slang,Çıkmadın Aklımdan,,ANGER,0.9306820631027222,Turkish
1F8PaZlw4n1Ds7lZfMUmU5,Anıl Durmuş,Çıkmaz Sokak,,ANGER,0.8404169082641602,Turkish
45LpIgOnh3OryDAuYXqTkp,Barış Manço,Çıt Çıt Çedene,,LOVE,0.9138974547386169,Turkish
7fo4ScxpiBnESWu8NRMyzx,Ebru Yaşar,Öldüm Sahiden,,SADNESS,0.9698134660720825,Turkish
0n80PaFFbFL7MiCbFjAt6A,Şanışer,Ölüm Aklımı Çelmek Üzere,,ANGER,0.9821826815605164,Turkish
74pOe1O7dwfQw4i2DyJwP4,Hidra,Ölüm Kalım Günü,,JOY,0.477207750082016,Turkish
6p5px9kCJlTCybpWXHIcW3,Cem Karaca,Ölüm,,ANGER,0.4965916574001312,Turkish
2rDGftPrTLAsxt67i03HoU,Hidra,Ölüme İnat 2,,FEAR,0.7226042151451111,Turkish
6wRBr1VICJv3quodxRYYhT,Barış Manço,Ömrümün Sonbaharında,,SADNESS,0.9969958066940308,Turkish
3TN0Q7BZYADUmqzj9upqQl,Aspova,Öpünce geçer mi,,SADNESS,0.9965730905532837,Turkish
0GRUdNbFzhCFceOI8fLHoQ,MAW,Ötesi Yok,,LOVE,0.9445076584815979,Turkish
0lObSY55zUQxlkPGaMpKGL,Contra,Ötesi,,ANGER,0.9895195960998535,Turkish
7lfnnW74hr3PfOwbojgCnW,Hüsnü Arkan,Öyle Bir Rüya,,SADNESS,0.9613723158836365,Turkish
599jSLh0LL1gM465pOHDS4,Kutay Uçar,Özlemiş Gibisin Sen De,,SADNESS,0.9972317814826965,Turkish
31EjsvYbdnPtvzSKr5TXqo,Cem Karaca,Üryan Geldim,,LOVE,0.4920463562011719,Turkish
1cXjoMq3L1uxuq0m11ApMT,Kamuran Akkor,Üstüme Düşme Benim,,SADNESS,0.49615201354026794,Turkish
0d5mgiHaAfqeyCNdrVJvvN,Ceylan Ertem,Ütopyalar Güzeldir,,JOY,0.37093695998191833,Turkish
6GU0hoKkcGELLLXIZvrLCW,Tepki,Üzgünüm Anne,,ANGER,0.8748776912689209,Turkish
4wD1Vpnw2jUHs07HeAEeFt,Rota,İblisler,,ANGER,0.8955885171890259,Turkish
2ysuWb85yf3N39LRGxwL88,Resit Kemal,İhanetini Doldurdum,,ANGER,0.7071866989135742,Turkish
32may5wXbW4koOYwWgoVKu,Cem Karaca,İhtiyar Oldum,,JOY,0.8693177700042725,Turkish
5GA1ijnbqpmvPGtJANZZan,Şam,İHTİRAS,,SADNESS,0.9909302592277527,Turkish
6bF7vDIjykeAeC706WE2KW,Mustafa Sandal,İki Tas Çorba,,LOVE,0.9890015125274658,Turkish
2rMpjMvi9zOuyEIqw1BF0N,Özdemir Erdoğan,İkinci Bahar,,LOVE,0.5437148809432983,Turkish
3ZX2bOVm7kJH4s2Yhkgpgq,Killa Hakan,İlk Kural Saygı,,JOY,0.8464300632476807,Turkish
7sXZJsHoJ1f4kaUrDlJhci,Leman Sam,İlla,,LOVE,0.8777427673339844,Turkish
1B0Qu88HC3dch1V4tXtSwZ,Tan Taşçı,İmkansız (Rüyalarım Olmasa),,JOY,0.7263278365135193,Turkish
6OTZmey0AydX3Yb513CmW7,Anıl Piyancı,İnan İsterdim,,JOY,0.9982831478118896,Turkish
0DT06IKGryQWR9pYnEaA85,Sagopa Kajmer,İnsafa Gel,,ANGER,0.8225560188293457,Turkish
3O4NV6VbiTTnmJdhXQAUlr,Allame,İnsan,,SADNESS,0.9802727103233337,Turkish
5ckv3g87dkbraa8lrPKRhW,Kurban,İnsanlar,,ANGER,0.8517625331878662,Turkish
36apgR5VMBXhqeeZoC7kf4,Kramp (TUR),İstanbul Sokakları,,SADNESS,0.8193066716194153,Turkish
4edIMGnIt3ocTdGhWXdbDY,Flört,İstanbul,,LOVE,0.9753770232200623,Turkish
6vS6aMSpWDGqugmQ2NsE0l,Teoman,İstasyon İnsanları,,FEAR,0.499856561422348,Turkish
0U2Xl74IBIXMlBO4pW3xZU,Yaşlı Amca,İstasyon,,ANGER,0.9977444410324097,Turkish
3lic57ZmqP8F7yrtPCk02G,Ahiyan,İstemem,,SADNESS,0.9981677532196045,Turkish
1suafzwNT5Kv9JHnxiHNz7,Barış Akarsu,İsterdim,,LOVE,0.6614811420440674,Turkish
1ISb4TsSeaPX3MfvqOj9YX,Buray,İstersen,,SADNESS,0.9935240745544434,Turkish
3yQCp4qxlnvi4e3q4Pbhp2,Şehinşah,İstila,,ANGER,0.9689807891845703,Turkish
1EPDUNgrJvM9i35hQIrxOH,Batuhan Kordel,İtiraf,,SADNESS,0.655569851398468,Turkish
4DfRseYfBS7cjHKidKxmS7,Sinan Akçıl,İyi Değilim,,SADNESS,0.5759140253067017,Turkish
51qhFS6BXk6tTLVlzBVxWF,Can Bonomo,İyi Ki Doğdun,,SADNESS,0.9155451059341431,Turkish
3WjNhFQ9TMdZ12QJRlJ8jV,No.1,İyilik Meleğim,,ANGER,0.9954965114593506,Turkish
53e3xJBg7Y74aYqWsJGEC2,Hayko Cepkin,İçgüdü,,SADNESS,0.9542171359062195,Turkish
3eKcbrTzvzPQqyD0T0C6N9,İlhan İrem,İşte Hayat (Sensiz de Yaşanıyor),,SADNESS,0.9628793597221375,Turkish
0GbxcbGWZyccF5vGGp4yYF,Flört,Şakalar,,ANGER,0.6092640161514282,Turkish
21pLiZEjZoxC7xBCgeTxvP,Allame,Şehir,,SADNESS,0.8777683973312378,Turkish
1aen7mZIWZdVU6M6wzuXT0,Mavi Gri,Şiir Senin Yüzündür,,LOVE,0.9928117394447327,Turkish
4cAp9fEdhzLVYEgd7MnV1D,Suzan Hacigarip,Şimdi Biraz Uyu,,SADNESS,0.925359308719635,Turkish
3d2LudfuvNYJ5TCUvYnjMP,Yedinci Ev,Şimdi,,SADNESS,0.9739505648612976,Turkish
1f9qJwOb7CXpqnMYBI3lAs,Ati242,Şöhret,,ANGER,0.607041597366333,Turkish
6vEL7E8TGzrxuxbrgdlkLL,Tarkan,Şımarık,,SADNESS,0.9796996712684631,Turkish
2am944KUlJJbeXQ4nm1ipw,FACE,24 на 7,,SURPRISE,0.5876765847206116,Balkan
322TxW77VZdX9gHynK5Xue,Ritviz,Aaj Na,,JOY,0.5546756982803345,Balkan
5YT4HRfumwUivqnvB4AL90,The Jackson 5,ABC,,JOY,0.9954807758331299,Balkan
0e6RXd6MAv6xdvHriDc0ud,Smash Mouth,All Star,,JOY,0.33244067430496216,Balkan
5g9lS8deSIxItFBmZRC4vN,2Pac,Ambitionz Az a Ridah,,ANGER,0.43096718192100525,Balkan
3ldrKmt2S7VBENF7g40ibi,Don McLean,American Pie,,SADNESS,0.8833147883415222,Balkan
7mzU3O4ixZNhShH6SrCInw,Django,Anthracite,,FEAR,0.6197398900985718,Balkan
6oni57FTRDHVrNpsib9gdN,Şehinşah,Az,,JOY,0.9789443016052246,Balkan
26WEkO8t9MkvuSWVfidYBP,Costa Gold,Backstage,,JOY,0.7126705050468445,Balkan
5KJaEu2ZMIt9FMvofqUgmg,Billie Eilish,bad guy,,ANGER,0.9931200742721558,Balkan
2wopaZn4bijSHJHOi8eICq,Ritviz,Barso,,JOY,0.31696027517318726,Balkan
0JsoJERs3b1uSP13eegLPP,Imagine Dragons,Believer,,LOVE,0.3095938563346863,Balkan
4PTDjIzld7QGs6oLMMnDQ6,Carly Rae Jepsen,Call Me Maybe,,LOVE,0.9889827370643616,Balkan
4KX7jXWbf6SivrmBHMuDuj,OneRepublic,Counting Stars,,JOY,0.34768497943878174,Balkan
5qWOuem55PzBAlvwT5NOuO,Moonica Mac,Dalarna,,LOVE,0.5070701241493225,Balkan
28tYtDhHaUq22Xs5Rhgb6n,ABBA,Dancing Queen,,JOY,0.8299596309661865,Balkan
6HU7h9RYOaPRFeh0R3UeAr,Olivia Rodrigo,deja vu,,JOY,0.9965230226516724,Balkan
2LjZcBOceIpCBbhTf1Y5J0,Mnogoznaal,DOF,,SADNESS,0.5400570034980774,Balkan
0VubuUqnJDOm2pD144598j,Neon Trees,Everybody Talks,,SADNESS,0.9220141172409058,Balkan
2cmyKUsMTBi9j2t3uByzfB,Lauren Spencer Smith,Fingers Crossed,,ANGER,0.9198870062828064,Balkan
2zGMXDas8lOvC8gqPuHtkj,RÆVE (FRA),Firefly,,JOY,0.6855673789978027,Balkan
2KSKJUXSyidfa5iBxrYbvq,Glass Animals,Heat Waves,,JOY,0.7493237257003784,Balkan
7eJYhdPLrG4s2t6MYieNZB,Good Times Ahead,Hit It!,,JOY,0.9025507569313049,Balkan
6KDNxqCFmCGu0yd27xvnSG,Black Eyed Peas,I Gotta Feeling,,SADNESS,0.6190008521080017,Balkan
17oty3prlqgeUBJ9K929pD,​Surf Mesa,ily (i love you baby),,LOVE,0.9455075263977051,Balkan
76Id5YpwGnoxtFNceLXFMY,Plastilina Mosh,JAJAJA,,ANGER,0.8664519190788269,Balkan
5lWs85eYNdGjAc9p3vcgD2,Akcent,Kylie,,JOY,0.8024867177009583,Balkan
23hmXGMYOSQ7jSGHJTZkub,KIDZ BOP Kids,Levitating,,JOY,0.9953985810279846,Balkan
6wfb4nI2Vih263JqC8WSoW,Anıl Emre Daldal,M.,,SADNESS,0.9671092629432678,Balkan
1PdMtzyJP5Ry2UpiDyTA5j,Jonas Blue,Mama,,LOVE,0.9684532284736633,Balkan
3o1fFTtPgaWW5qB5zD11AK,Bikki Gurung,Marijau,,JOY,0.5685456395149231,Balkan
3pGjdNmcVEbSzsyv86ssvV,Claustrofobia,Metal Malóka,,LOVE,0.6115688681602478,Balkan
7D9CMVj8TeaozjxYCIE5oF,Counting Crows,Mr. Jones,,JOY,0.9758356213569641,Balkan
2AQCskFaJwiWx6KILDe3hX,Depresszio,Nem akarok elszakadni,,JOY,0.5443458557128906,Balkan
0Lt0cohXv3e1BoykniHBOu,Rita Lee,"Nem Luxo, Nem Lixo",,JOY,0.9942029118537903,Balkan
0xlsIZWwkErSWdDn8X3JFV,Sean Paul,No Lie,,FEAR,0.9864397644996643,Balkan
2irXVa70RYAMtgqP4nqRNU,Nordjevel,Norges sorte himmel,,JOY,0.982172429561615,Balkan
4jcKT1nPKLuWmHeDp39EUB,Mezsiah,Novacane,,ANGER,0.9978950023651123,Balkan
223dRxIidnjKOvmTG3T57n,Em Beihold,Numb Little Bug,,JOY,0.997934103012085,Balkan
7jLsnNCwNMlLHmJYuVp08u,NAVACHA,Pegasus,,ANGER,0.997655987739563,Balkan
4kw1Tl4ryNxjTtAdFJkD19,SAMBATA,Pinnak,,JOY,0.6052458882331848,Balkan
7Gn4vU9RUHYV5aA1gMJSPV,Ritviz,Pran,,SADNESS,0.68483567237854,Balkan
5n5d39gcjEstUpM6kadJYF,Kompany,Ragnarok,,JOY,0.9938608407974243,Balkan
4ITIaQ64inKaI9rjRoNcLo,Bishop Briggs,River,,JOY,0.7693919539451599,Balkan
0MZ6NFEV7oQSDMzuXBVS5E,Sickflip,Roshni,,JOY,0.6041619777679443,Balkan
4TNuw8GNp7t83YtgIwJVv0,Hiperkarma,Rád talált,,FEAR,0.9839330911636353,Balkan
3OS78nS78LDfSRk9tyxygG,Alessia Cara,Scars to Your Beautiful,,JOY,0.7673460841178894,Balkan
1y05VMAnbF0SUrDo7RsMyy,Keane,Somewhere Only We Know,,SADNESS,0.5817147493362427,Balkan
5QKHspyc4wX13lh58yWTcT,A.S.I.A. (Band),Sună periculos,,ANGER,0.9884883761405945,Balkan
5lKeJIU0KnJZEF2FE76B3y,Samael,Telepath,,JOY,0.997806966304779,Balkan
5U0t4SMp344ER0F4jYb6xI,Don Henley,The Boys of Summer,,JOY,0.9937800765037537,Balkan
4haXv9IJwOlJJsT6FNJPYk,Jimmy Eat World,The Middle,,ANGER,0.4192435145378113,Balkan
5S9KnOMLC5vRckzbvzasEs,Hoobastank,The Reason,,SADNESS,0.9901037812232971,Balkan
6YMF5fKgkbYXECM9XiDfnE,Imagine Dragons,Thunder,,LOVE,0.40610700845718384,Balkan
53DZTymdCwUwL9yJdqSLjR,MC Davi,Tudo no Privê,,ANGER,0.9555892944335938,Balkan
1qQpL2NtTU7sxpBZ2ysFsy,Sissel,"Upp gledjest alle, gledjest no",,JOY,0.6152313351631165,Balkan
1fLEQQKbM9fJ7OVUiXysN8,Gifta,Vé Pa,,JOY,0.940139889717102,Balkan
0nrRP2bk19rLc0orkWPQk2,Avicii,Wake Me Up,,JOY,0.8171926140785217,Balkan
5khYjyvP68aobZCSnobv6l,Julia Michaels,What a Time,,JOY,0.779959499835968,Balkan
47oYqbEyPdb6H9LktAHStx,Hidra,Zehir,,ANGER,0.8576370477676392,Balkan
68av1mZz0VsIYXJWATZWUW,Soolking,Zemër,,JOY,0.9895035028457642,Balkan
